first_name,surname,phone,email,role
Nora,Duncan,056 8914 2397,nunc.sed@outlook.couk
Xavier,Shepard,(011110) 44272,elementum.dui@aol.couk
Dennis,Barron,(016977) 3566,nullam.enim@yahoo.edu
Maya,Velasquez,(0115) 786 0173,erat.vel.pede@outlook.edu
Seth,Shannon,056 2763 3181,et.rutrum.non@icloud.net
Jocelyn,Rodriguez,(0110) 455 8433,ipsum@hotmail.net
Jack,Blevins,(013413) 56783,luctus.et@google.edu
Tarik,Travis,070 6582 8398,dolor.tempus@outlook.net
Logan,Deleon,0800 589 9809,at@outlook.edu
Ali,Green,(013876) 31057,non.dapibus@outlook.edu
Levi,Watts,(016977) 2238,a.aliquet@protonmail.edu
Kiona,Barr,(024) 6472 8634,non.massa.non@outlook.ca
Walker,Lynch,(0131) 398 4216,cum.sociis@aol.com
Asher,Robles,(0151) 741 1282,quisque.ornare@aol.couk
Bevis,O'donnell,0800 587275,mauris@outlook.com
Xanthus,Benjamin,(017311) 15576,molestie.tortor@outlook.edu
Abigail,Hoffman,0843 167 6629,integer.sem@yahoo.com
Armand,Bryan,076 1151 2874,enim@yahoo.edu
Moses,Bowen,0800 486130,praesent@google.org
Hammett,Rosales,(012742) 62634,nulla.cras@google.edu
Levi,Suarez,056 8719 8780,nunc.laoreet@yahoo.couk
Demetrius,Abbott,0347 558 2846,cras.interdum.nunc@outlook.org
Declan,Schwartz,076 1972 5236,in@hotmail.net
Unity,Murphy,0994 261 9511,ut.molestie.in@icloud.com
Harper,Barrett,(0111) 818 9411,fermentum@protonmail.edu
Alvin,Bell,056 2731 2418,in.lobortis@yahoo.org
Candace,Delaney,(01251) 061543,nunc.sed.libero@aol.net
Marsden,Mckinney,0335 659 2346,eget.venenatis.a@aol.edu
Hadassah,Kramer,0800 1111,mi@aol.edu
Nerea,Wilkerson,(024) 3885 5117,sed.libero@yahoo.couk
Yoshi,Gibbs,055 7578 6382,nibh.vulputate.mauris@google.ca
Gannon,Aguirre,(019360) 12874,erat@icloud.org
Moses,Dickson,(0181) 955 6798,pharetra.ut@aol.com
Oren,Beach,(028) 2257 2884,eu.nulla@aol.ca
Ivor,Prince,(0131) 702 4782,ac.fermentum@yahoo.ca
Kyle,Mcmahon,0800 144647,nunc.sollicitudin.commodo@hotmail.com
Hu,Gates,0951 645 6694,proin@outlook.com
Abbot,Calhoun,076 7765 4823,pede@yahoo.com
Jarrod,Ayala,0800 916244,dolor.fusce@outlook.couk
Mallory,Sanders,0845 46 43,gravida.non.sollicitudin@hotmail.net
Felix,Wynn,(01708) 227776,nec.metus@yahoo.couk
Cynthia,Lester,0500 049675,gravida@google.net
Chelsea,Rivas,0845 46 47,pharetra@yahoo.net
Lael,Molina,070 2361 7048,egestas.hendrerit@icloud.net
Aquila,Cooke,0845 46 45,odio@aol.couk
Zephania,Knox,0845 46 41,arcu.nunc@hotmail.edu
Troy,Sweet,07624 986447,egestas.blandit@yahoo.net
Kasimir,Mckee,070 4782 7076,pede.suspendisse.dui@outlook.org
Samantha,Walton,0800 422 6440,lectus.ante@yahoo.com
